<mod name="weapon rebalances" author="Oryo" min_lib_ver="3.38">
	
	<Localization directory="loc" default="english.txt">
		<loc file="english.txt" language="english.txt"/>
	</Localization>

	<!-- FMJ rounds -->
		<WeaponMod
			id="wpn_upg_a_fmj"
			name_id="FMJ"
			based_on="wpn_fps_upg_a_slug"
			inherit_weapons="false"
			inherit_adds="false"
			inherit_override="false"
			inherit_parts_override="false"
			inherit_parts_forbids="false"
			type="ammo"
			ver="2"
			>
			<stats
				damage = "0"
				spread = "0"
				recoil = "2"
				total_ammo_mod = "0"
			/>
			<custom_stats
				armor_piercing_add = "0"
				can_shoot_through_shield = "false"
				can_shoot_through_wall = "false"
				can_shoot_through_enemy = "true"
			/>
			<weapons>
				<value_node value="wpn_fps_ass_sub2000"/>
				<value_node value="wpn_fps_ass_m14"/>
				<value_node value="wpn_fps_ass_ching"/>
				<value_node value="wpn_fps_ass_m16"/>
				<value_node value="wpn_fps_ass_akm"/>
				<value_node value="wpn_fps_ass_akm_gold"/>
				<value_node value="wpn_fps_ass_g3"/>
				<value_node value="wpn_fps_ass_m4"/>
				<value_node value="wpn_fps_ass_74"/>
				
				<value_node value="wpn_fps_ass_akm"/>
				<value_node value="wpn_fps_ass_akm_gold"/>
				<value_node value="wpn_fps_ass_m16"/>
				<value_node value="wpn_fps_ass_scar"/>
				<value_node value="wpn_fps_ass_fal"/>
				<value_node value="wpn_fps_ass_flint"/>
				<value_node value="wpn_fps_ass_g3"/>
				
				<value_node value="wpn_fps_ass_contraband"/>
				<value_node value="wpn_fps_ass_74"/>
				<value_node value="wpn_fps_ass_corgi"/>
				<value_node value="wpn_fps_ass_komodo"/>
				<value_node value="wpn_fps_ass_aug"/>
				<value_node value="wpn_fps_ass_g3"/>
				<value_node value="wpn_fps_ass_vhs"/>
				<value_node value="wpn_fps_ass_ak5"/>
				<value_node value="wpn_fps_ass_l85a2"/>
				<value_node value="wpn_fps_ass_m4"/>
				<value_node value="wpn_fps_ass_galil"/>
				
				<value_node value="wpn_fps_ass_amcar"/>
				<value_node value="wpn_fps_ass_tecci"/>
				<value_node value="wpn_fps_ass_famas"/>
				<value_node value="wpn_fps_ass_s552"/>
				<value_node value="wpn_fps_ass_g36"/>
				<value_node value="wpn_fps_ass_asval"/>
				
			</weapons>
		</WeaponMod>
	
	<!-- Ballistic Tip rounds -->
		
		<!-- Ballistic Tip t4 -->
		<WeaponMod
			id="wpn_upg_a_ballistic_tip_t4"
			name_id="Ballistic Tip"
			based_on="wpn_fps_upg_a_slug"
			inherit_weapons="false"
			inherit_adds="false"
			inherit_override="false"
			inherit_parts_override="false"
			inherit_parts_forbids="false"
			type="ammo"
			ver="2">
			<stats
				damage = "80"
				spread = "2"
				total_ammo_mod = "0"
			/>
			<custom_stats
				ammo_pickup_min_mul = "0.4"
				ammo_pickup_max_mul = "0.5"
				armor_piercing_add = "0"
				can_shoot_through_shield = "false"
				can_shoot_through_wall = "false"
				can_shoot_through_enemy = "false"
			/>
			<weapons_override>
				<wpn_fps_ass_m16 depends_on="bm_wp_upg_ass_m4_b_beowulf">
					<custom_stats
						ammo_pickup_min_mul = "0.4"
						ammo_pickup_max_mul = "0.5"
						armor_piercing_add = "0"
						can_shoot_through_shield = "false"
						can_shoot_through_wall = "false"
						can_shoot_through_enemy = "false"
					/>
				</wpn_fps_ass_m16>
				<wpn_fps_ass_m4 depends_on="bm_wp_upg_ass_m4_b_beowulf">
					<custom_stats
						ammo_pickup_min_mul = "0.4"
						ammo_pickup_max_mul = "0.5"
						armor_piercing_add = "0"
						can_shoot_through_shield = "false"
						can_shoot_through_wall = "false"
						can_shoot_through_enemy = "false"
					/>
				</wpn_fps_ass_m4>
				<wpn_fps_ass_akm depends_on="bm_wp_upg_ass_ak_b_zastava">
					<custom_stats
						ammo_pickup_min_mul = "0.4"
						ammo_pickup_max_mul = "0.5"
						armor_piercing_add = "0"
						can_shoot_through_shield = "false"
						can_shoot_through_wall = "false"
						can_shoot_through_enemy = "false"
					/>
				</wpn_fps_ass_akm>
				<wpn_fps_ass_akm_gold depends_on="bm_wp_upg_ass_ak_b_zastava">
					<custom_stats
						ammo_pickup_min_mul = "0.4"
						ammo_pickup_max_mul = "0.5"
						armor_piercing_add = "0"
						can_shoot_through_shield = "false"
						can_shoot_through_wall = "false"
						can_shoot_through_enemy = "false"
					/>
				</wpn_fps_ass_akm_gold>
				<wpn_fps_ass_74 depends_on="bm_wp_upg_ass_ak_b_zastava">
					<custom_stats
						ammo_pickup_min_mul = "0.4"
						ammo_pickup_max_mul = "0.5"
						armor_piercing_add = "0"
						can_shoot_through_shield = "false"
						can_shoot_through_wall = "false"
						can_shoot_through_enemy = "false"
					/>
				</wpn_fps_ass_74>
				<wpn_fps_ass_g3 depends_on="bm_wp_g3_b_sniper">
					<custom_stats
						ammo_pickup_min_mul = "0.4"
						ammo_pickup_max_mul = "0.5"
						armor_piercing_add = "0"
						can_shoot_through_shield = "false"
						can_shoot_through_wall = "false"
						can_shoot_through_enemy = "false"
					/>
				</wpn_fps_ass_g3>
			</weapons_override>
			<weapons>
				<value_node value="wpn_fps_ass_contraband"/>
				<value_node value="wpn_fps_ass_sub2000"/>
				<value_node value="wpn_fps_ass_m14"/>
				<value_node value="wpn_fps_ass_ching"/>
				<value_node value="wpn_fps_ass_m16"/>
				<value_node value="wpn_fps_ass_akm"/>
				<value_node value="wpn_fps_ass_akm_gold"/>
				<value_node value="wpn_fps_ass_g3"/>
				<value_node value="wpn_fps_ass_m4"/>
				<value_node value="wpn_fps_ass_74"/>
			</weapons>
		</WeaponMod>
		
		<!-- Ballistic Tip t3 -->
		<WeaponMod
			id="wpn_upg_a_ballistic_tip_t3"
			name_id="Ballistic Tip"
			based_on="wpn_fps_upg_a_slug"
			inherit_weapons="false"
			inherit_adds="false"
			inherit_override="false"
			inherit_parts_override="false"
			inherit_parts_forbids="false"
			type="ammo"
			ver="2">
			<stats
				damage = "33"
				spread = "2"
				total_ammo_mod = "0"
			/>
			<custom_stats
				ammo_pickup_min_mul = "0.5"
				ammo_pickup_max_mul = "0.5"
				armor_piercing_add = "0"
				can_shoot_through_shield = "false"
				can_shoot_through_wall = "false"
				can_shoot_through_enemy = "false"
			/>
			<forbids>
				<value_node value="wpn_fps_upg_ass_m4_b_beowulf"/>
				<value_node value="wpn_fps_upg_ass_ak_b_zastava"/>
				<value_node value="wpn_fps_ass_g3_b_sniper"/>
				<value_node value="wpn_fps_ass_g3_b_short"/>
			</forbids>
			<weapons>
				<value_node value="wpn_fps_ass_akm"/>
				<value_node value="wpn_fps_ass_akm_gold"/>
				<value_node value="wpn_fps_ass_m16"/>
				<value_node value="wpn_fps_ass_scar"/>
				<value_node value="wpn_fps_ass_fal"/>
				<value_node value="wpn_fps_ass_flint"/>
				<value_node value="wpn_fps_ass_g3"/>
			</weapons>
		</WeaponMod>
		
		<!-- Ballistic Tip t2 -->
		<WeaponMod
			id="wpn_upg_a_ballistic_tip_t2"
			name_id="Ballistic Tip"
			based_on="wpn_fps_upg_a_slug"
			inherit_weapons="false"
			inherit_adds="false"
			inherit_override="false"
			inherit_parts_override="false"
			inherit_parts_forbids="false"
			type="ammo"
			ver="2">
			<stats
				damage = "20"
				spread = "2"
				total_ammo_mod = "0"
			/>
			<custom_stats
				ammo_pickup_min_mul = "0.75"
				ammo_pickup_max_mul = "0.8333"
				armor_piercing_add = "0"
				can_shoot_through_shield = "false"
				can_shoot_through_wall = "false"
				can_shoot_through_enemy = "false"
			/>
			<forbids>
				<value_node value="wpn_fps_upg_ass_m4_b_beowulf"/>
				<value_node value="wpn_fps_upg_ass_ak_b_zastava"/>
			</forbids>
			<weapons_override>
				<wpn_fps_ass_g3 depends_on="bm_wp_g3_b_short"/>
			</weapons_override>
			<weapons>
				<value_node value="wpn_fps_ass_74"/>
				<value_node value="wpn_fps_ass_corgi"/>
				<value_node value="wpn_fps_ass_komodo"/>
				<value_node value="wpn_fps_ass_aug"/>
				<value_node value="wpn_fps_ass_g3"/>
				<value_node value="wpn_fps_ass_vhs"/>
				<value_node value="wpn_fps_ass_ak5"/>
				<value_node value="wpn_fps_ass_l85a2"/>
				<value_node value="wpn_fps_ass_m4"/>
				<value_node value="wpn_fps_ass_galil"/>
			</weapons>
		</WeaponMod>
		
		<!-- Ballistic Tip t1 -->
		<WeaponMod
			id="wpn_upg_a_ballistic_tip_t1"
			name_id="Ballistic Tip"
			based_on="wpn_fps_upg_a_slug"
			inherit_weapons="false"
			inherit_adds="false"
			inherit_override="false"
			inherit_parts_override="false"
			inherit_parts_forbids="false"
			type="ammo"
			ver="2">
			<stats
				damage = "17"
				spread = "2"
				total_ammo_mod = "0"
			/>
			<custom_stats
				ammo_pickup_min_mul = "0.8333"
				ammo_pickup_max_mul = "0.8333"
				armor_piercing_add = "0"
				can_shoot_through_shield = "false"
				can_shoot_through_wall = "false"
				can_shoot_through_enemy = "false"
			/>
			<weapons>
				<value_node value="wpn_fps_ass_amcar"/>
				<value_node value="wpn_fps_ass_tecci"/>
				<value_node value="wpn_fps_ass_famas"/>
				<value_node value="wpn_fps_ass_s552"/>
				<value_node value="wpn_fps_ass_g36"/>
				<value_node value="wpn_fps_ass_asval"/>
			</weapons>
		</WeaponMod>
		
	<!-- Armor Piercing rounds -->
		
		<!-- Armor Piercing t4 -->
		<!-- <WeaponMod -->
			<!-- id="wpn_upg_a_armor_piercing_t4" -->
			<!-- name_id="Armor Piercing" -->
			<!-- based_on="wpn_fps_upg_a_slug" -->
			<!-- inherit_weapons="false" -->
			<!-- inherit_adds="false" -->
			<!-- inherit_override="false" -->
			<!-- inherit_parts_override="false" -->
			<!-- inherit_parts_forbids="false" -->
			<!-- type="ammo" -->
			<!-- ver="2"> -->
			<!-- <stats -->
				<!-- damage = "0" -->
				<!-- spread = "0" -->
				<!-- total_ammo_mod = "0" -->
			<!-- /> -->
			<!-- <custom_stats -->
				<!-- ammo_pickup_min_mul = "0.5" -->
				<!-- ammo_pickup_max_mul = "0.5" -->
				<!-- armor_piercing_add = "0" -->
				<!-- can_shoot_through_shield = "true" -->
				<!-- can_shoot_through_wall = "false" -->
				<!-- can_shoot_through_enemy = "false" -->
			<!-- /> -->
			<!-- <weapons_override> -->
				<!-- <wpn_fps_ass_m16 depends_on="bm_wp_upg_ass_m4_b_beowulf"> -->
					<!-- <custom_stats -->
						<!-- ammo_pickup_min_mul = "0.5" -->
						<!-- ammo_pickup_max_mul = "0.5" -->
						<!-- armor_piercing_add = "0" -->
						<!-- can_shoot_through_shield = "false" -->
						<!-- can_shoot_through_wall = "false" -->
						<!-- can_shoot_through_enemy = "false" -->
					<!-- /> -->
				<!-- </wpn_fps_ass_m16> -->
				<!-- <wpn_fps_ass_m4 depends_on="bm_wp_upg_ass_m4_b_beowulf"> -->
					<!-- <custom_stats -->
						<!-- ammo_pickup_min_mul = "0.5" -->
						<!-- ammo_pickup_max_mul = "0.5" -->
						<!-- armor_piercing_add = "0" -->
						<!-- can_shoot_through_shield = "false" -->
						<!-- can_shoot_through_wall = "false" -->
						<!-- can_shoot_through_enemy = "false" -->
					<!-- /> -->
				<!-- </wpn_fps_ass_m4> -->
				<!-- <wpn_fps_ass_akm depends_on="bm_wp_upg_ass_ak_b_zastava"> -->
					<!-- <custom_stats -->
						<!-- ammo_pickup_min_mul = "0.5" -->
						<!-- ammo_pickup_max_mul = "0.5" -->
						<!-- armor_piercing_add = "0" -->
						<!-- can_shoot_through_shield = "false" -->
						<!-- can_shoot_through_wall = "false" -->
						<!-- can_shoot_through_enemy = "false" -->
					<!-- /> -->
				<!-- </wpn_fps_ass_akm> -->
				<!-- <wpn_fps_ass_akm_gold depends_on="bm_wp_upg_ass_ak_b_zastava"> -->
					<!-- <custom_stats -->
						<!-- ammo_pickup_min_mul = "0.5" -->
						<!-- ammo_pickup_max_mul = "0.5" -->
						<!-- armor_piercing_add = "0" -->
						<!-- can_shoot_through_shield = "false" -->
						<!-- can_shoot_through_wall = "false" -->
						<!-- can_shoot_through_enemy = "false" -->
					<!-- /> -->
				<!-- </wpn_fps_ass_akm_gold> -->
				<!-- <wpn_fps_ass_74 depends_on="bm_wp_upg_ass_ak_b_zastava"> -->
					<!-- <custom_stats -->
						<!-- ammo_pickup_min_mul = "0.5" -->
						<!-- ammo_pickup_max_mul = "0.5" -->
						<!-- armor_piercing_add = "0" -->
						<!-- can_shoot_through_shield = "false" -->
						<!-- can_shoot_through_wall = "false" -->
						<!-- can_shoot_through_enemy = "false" -->
					<!-- /> -->
				<!-- </wpn_fps_ass_74> -->
				<!-- <wpn_fps_ass_g3 depends_on="bm_wp_g3_b_sniper"> -->
					<!-- <custom_stats -->
						<!-- ammo_pickup_min_mul = "0.5" -->
						<!-- ammo_pickup_max_mul = "0.5" -->
						<!-- armor_piercing_add = "0" -->
						<!-- can_shoot_through_shield = "false" -->
						<!-- can_shoot_through_wall = "false" -->
						<!-- can_shoot_through_enemy = "false" -->
					<!-- /> -->
				<!-- </wpn_fps_ass_g3> -->
			<!-- </weapons_override> -->
			<!-- <weapons> -->
				<!-- <value_node value="wpn_fps_ass_sub2000"/> -->
				<!-- <value_node value="wpn_fps_ass_m14"/> -->
				<!-- <value_node value="wpn_fps_ass_ching"/> -->
				<!-- <value_node value="wpn_fps_ass_m16"/> -->
				<!-- <value_node value="wpn_fps_ass_akm"/> -->
				<!-- <value_node value="wpn_fps_ass_akm_gold"/> -->
				<!-- <value_node value="wpn_fps_ass_g3"/> -->
				<!-- <value_node value="wpn_fps_ass_m4"/> -->
				<!-- <value_node value="wpn_fps_ass_74"/> -->
			<!-- </weapons> -->
		<!-- </WeaponMod> -->
		
		<!-- Armor Piercing t3 -->
		<!-- <WeaponMod -->
			<!-- id="wpn_upg_a_armor_piercing_t3" -->
			<!-- name_id="Armor Piercing" -->
			<!-- based_on="wpn_fps_upg_a_slug" -->
			<!-- inherit_weapons="false" -->
			<!-- inherit_adds="false" -->
			<!-- inherit_override="false" -->
			<!-- inherit_parts_override="false" -->
			<!-- inherit_parts_forbids="false" -->
			<!-- type="ammo" -->
			<!-- ver="2"> -->
			<!-- <stats -->
				<!-- damage = "0" -->
				<!-- spread = "0" -->
				<!-- total_ammo_mod = "0" -->
			<!-- /> -->
			<!-- <custom_stats -->
				<!-- ammo_pickup_min_mul = "0.5" -->
				<!-- ammo_pickup_max_mul = "0.5" -->
				<!-- armor_piercing_add = "0" -->
				<!-- can_shoot_through_shield = "true" -->
				<!-- can_shoot_through_wall = "false" -->
				<!-- can_shoot_through_enemy = "false" -->
			<!-- /> -->
			<!-- <forbids> -->
				<!-- <value_node value="wpn_fps_upg_ass_m4_b_beowulf"/> -->
				<!-- <value_node value="wpn_fps_upg_ass_ak_b_zastava"/> -->
				<!-- <value_node value="wpn_fps_ass_g3_b_sniper"/> -->
				<!-- <value_node value="wpn_fps_ass_g3_b_short"/> -->
			<!-- </forbids> -->
			<!-- <weapons> -->
				<!-- <value_node value="wpn_fps_ass_akm"/> -->
				<!-- <value_node value="wpn_fps_ass_akm_gold"/> -->
				<!-- <value_node value="wpn_fps_ass_m16"/> -->
				<!-- <value_node value="wpn_fps_ass_scar"/> -->
				<!-- <value_node value="wpn_fps_ass_fal"/> -->
				<!-- <value_node value="wpn_fps_ass_flint"/> -->
				<!-- <value_node value="wpn_fps_ass_g3"/> -->
			<!-- </weapons> -->
		<!-- </WeaponMod> -->
		
		<!-- Armor Piercing t2 -->	
		<!-- <WeaponMod -->
			<!-- id="wpn_upg_a_armor_piercing_t2" -->
			<!-- name_id="Armor Piercing" -->
			<!-- based_on="wpn_fps_upg_a_slug" -->
			<!-- inherit_weapons="false" -->
			<!-- inherit_adds="false" -->
			<!-- inherit_override="false" -->
			<!-- inherit_parts_override="false" -->
			<!-- inherit_parts_forbids="false" -->
			<!-- type="ammo" -->
			<!-- ver="2"> -->
			<!-- <stats -->
				<!-- damage = "0" -->
				<!-- spread = "0" -->
				<!-- total_ammo_mod = "0" -->
			<!-- /> -->
			<!-- <custom_stats -->
				<!-- ammo_pickup_min_mul = "0.5" -->
				<!-- ammo_pickup_max_mul = "0.5" -->
				<!-- armor_piercing_add = "0" -->
				<!-- can_shoot_through_shield = "true" -->
				<!-- can_shoot_through_wall = "false" -->
				<!-- can_shoot_through_enemy = "false" -->
			<!-- /> -->
			<!-- <forbids> -->
				<!-- <value_node value="wpn_fps_upg_ass_m4_b_beowulf"/> -->
				<!-- <value_node value="wpn_fps_upg_ass_ak_b_zastava"/> -->
			<!-- </forbids> -->
			<!-- <weapons_override> -->
				<!-- <wpn_fps_ass_g3 depends_on="bm_wp_g3_b_short"/> -->
			<!-- </weapons_override> -->
			<!-- <weapons> -->
				<!-- <value_node value="wpn_fps_ass_contraband"/> -->
				<!-- <value_node value="wpn_fps_ass_74"/> -->
				<!-- <value_node value="wpn_fps_ass_corgi"/> -->
				<!-- <value_node value="wpn_fps_ass_komodo"/> -->
				<!-- <value_node value="wpn_fps_ass_aug"/> -->
				<!-- <value_node value="wpn_fps_ass_g3"/> -->
				<!-- <value_node value="wpn_fps_ass_vhs"/> -->
				<!-- <value_node value="wpn_fps_ass_ak5"/> -->
				<!-- <value_node value="wpn_fps_ass_l85a2"/> -->
				<!-- <value_node value="wpn_fps_ass_m4"/> -->
				<!-- <value_node value="wpn_fps_ass_galil"/> -->
			<!-- </weapons> -->
		<!-- </WeaponMod> -->
		
		<!-- Armor Piercing t1 -->
		<!-- <WeaponMod -->
			<!-- id="wpn_upg_a_armor_piercing_t1" -->
			<!-- name_id="Armor Piercing" -->
			<!-- based_on="wpn_fps_upg_a_slug" -->
			<!-- inherit_weapons="false" -->
			<!-- inherit_adds="false" -->
			<!-- inherit_override="false" -->
			<!-- inherit_parts_override="false" -->
			<!-- inherit_parts_forbids="false" -->
			<!-- type="ammo" -->
			<!-- ver="2"> -->
			<!-- <stats -->
				<!-- damage = "0" -->
				<!-- spread = "0" -->
				<!-- total_ammo_mod = "0" -->
			<!-- /> -->
			<!-- <custom_stats -->
				<!-- ammo_pickup_min_mul = "0.5" -->
				<!-- ammo_pickup_max_mul = "0.5" -->
				<!-- armor_piercing_add = "0" -->
				<!-- can_shoot_through_shield = "true" -->
				<!-- can_shoot_through_wall = "false" -->
				<!-- can_shoot_through_enemy = "false" -->
			<!-- /> -->
			<!-- <weapons> -->
				<!-- <value_node value="wpn_fps_ass_amcar"/> -->
				<!-- <value_node value="wpn_fps_ass_tecci"/> -->
				<!-- <value_node value="wpn_fps_ass_famas"/> -->
				<!-- <value_node value="wpn_fps_ass_s552"/> -->
				<!-- <value_node value="wpn_fps_ass_g36"/> -->
				<!-- <value_node value="wpn_fps_ass_asval"/> -->
			<!-- </weapons> -->
		<!-- </WeaponMod> -->
		
		<!-- Hollow Point -->
		<WeaponMod
			id="wpn_upg_a_pis_hp"
			name_id="Hollow Point"
			based_on="wpn_fps_upg_a_slug"
			inherit_weapons="false"
			inherit_adds="false"
			inherit_override="false"
			inherit_parts_override="false"
			inherit_parts_forbids="false"
			type="ammo"
			ver="2"
			>
			<stats
				damage = "0"
				spread = "0"
				total_ammo_mod = "0"
			/>
			<custom_stats
				armor_piercing_add = "0"
				can_shoot_through_shield = "false"
				can_shoot_through_wall = "false"
				can_shoot_through_enemy = "false"
				crit_chance = "0.05"
			/>
			<weapons>
				<value_node value="wpn_fps_x_b92fs"/>
				<value_node value="wpn_fps_pis_x_chinchilla"/>
				<value_node value="wpn_fps_pis_x_g17"/>
				<value_node value="wpn_fps_jowi"/>
				<value_node value="wpn_fps_pis_x_g22c"/>
				<value_node value="wpn_fps_smg_x_mp5"/>
				<value_node value="wpn_fps_x_packrat"/>
				<value_node value="wpn_fps_x_1911"/>
				<value_node value="wpn_fps_pis_x_shrew"/>
				<value_node value="wpn_fps_x_deagle"/>
				<value_node value="wpn_fps_smg_x_sr2"/>
				<value_node value="wpn_fps_pis_x_usp"/>
				<value_node value="wpn_fps_smg_x_akmsu"/>
				<value_node value="wpn_fps_pis_x_sparrow"/>
				<value_node value="wpn_fps_pis_x_rage"/>
				<value_node value="wpn_fps_pis_x_c96"/>
				<value_node value="wpn_fps_pis_x_ppk"/>
				<value_node value="wpn_fps_pis_x_2006m"/>
				<value_node value="wpn_fps_pis_x_breech"/>
				<value_node value="wpn_fps_pis_x_p226"/>
				<value_node value="wpn_fps_pis_x_g18c"/>
				<value_node value="wpn_fps_pis_x_pl14"/>
				<value_node value="wpn_fps_pis_x_legacy"/>
				<value_node value="wpn_fps_smg_x_tec9"/>
				<value_node value="wpn_fps_smg_x_m1928"/>
				<value_node value="wpn_fps_smg_x_mp9"/>
				<value_node value="wpn_fps_smg_x_scorpion"/>
				<value_node value="wpn_fps_smg_x_hajk"/>
				<value_node value="wpn_fps_smg_x_schakal"/>
				<value_node value="wpn_fps_smg_x_cobray"/>
				<value_node value="wpn_fps_smg_x_p90"/>
				<value_node value="wpn_fps_smg_x_polymer"/>
				<value_node value="wpn_fps_smg_x_mac10"/>
				<value_node value="wpn_fps_smg_x_baka"/>
				<value_node value="wpn_fps_smg_x_erma"/>
				<value_node value="wpn_fps_smg_x_olympic"/>
				<value_node value="wpn_fps_smg_x_sterling"/>
				<value_node value="wpn_fps_smg_x_shepheard"/>
				<value_node value="wpn_fps_smg_x_mp7"/>
				<value_node value="wpn_fps_smg_x_m45"/>
				<value_node value="wpn_fps_smg_x_coal"/>
				<value_node value="wpn_fps_smg_x_uzi"/>
				<value_node value="wpn_fps_pis_x_beer"/>
				<value_node value="wpn_fps_pis_x_czech"/>
				<value_node value="wpn_fps_pis_x_stech"/>
				<value_node value="wpn_fps_pis_lemming"/>
				<value_node value="wpn_fps_pis_sparrow"/>
				<value_node value="wpn_fps_pis_beretta"/>
				<value_node value="wpn_fps_pis_rage"/>
				<value_node value="wpn_fps_pis_c96"/>
				<value_node value="wpn_fps_pis_chinchilla"/>
				<value_node value="wpn_fps_pis_g17"/>
				<value_node value="wpn_fps_pis_g26"/>
				<value_node value="wpn_fps_pis_g22c"/>
				<value_node value="wpn_fps_pis_packrat"/>
				<value_node value="wpn_fps_pis_1911"/>
				<value_node value="wpn_fps_pis_shrew"/>
				<value_node value="wpn_fps_pis_deagle"/>
				<value_node value="wpn_fps_pis_ppk"/>
				<value_node value="wpn_fps_pis_usp"/>
				<value_node value="wpn_fps_pis_hs2000"/>
				<value_node value="wpn_fps_pis_2006m"/>
				<value_node value="wpn_fps_pis_breech"/>
				<value_node value="wpn_fps_pis_peacemaker"/>
				<value_node value="wpn_fps_pis_p226"/>
				<value_node value="wpn_fps_pis_g18c"/>
				<value_node value="wpn_fps_pis_pl14"/>
				<value_node value="wpn_fps_pis_legacy"/>
				<value_node value="wpn_fps_pis_beer"/>
				<value_node value="wpn_fps_pis_czech"/>
				<value_node value="wpn_fps_pis_stech"/>
				<value_node value="wpn_fps_smg_tec9"/>
				<value_node value="wpn_fps_smg_thompson"/>
				<value_node value="wpn_fps_smg_mp9"/>
				<value_node value="wpn_fps_smg_scorpion"/>
				<value_node value="wpn_fps_smg_mp5"/>
				<value_node value="wpn_fps_smg_hajk"/>
				<value_node value="wpn_fps_smg_sr2"/>
				<value_node value="wpn_fps_smg_schakal"/>
				<value_node value="wpn_fps_smg_cobray"/>
				<value_node value="wpn_fps_smg_p90"/>
				<value_node value="wpn_fps_smg_akmsu"/>
				<value_node value="wpn_fps_smg_polymer"/>
				<value_node value="wpn_fps_smg_mac10"/>
				<value_node value="wpn_fps_smg_baka"/>
				<value_node value="wpn_fps_smg_erma"/>
				<value_node value="wpn_fps_smg_olympic"/>
				<value_node value="wpn_fps_smg_sterling"/>
				<value_node value="wpn_fps_smg_mp7"/>
				<value_node value="wpn_fps_smg_m45"/>
				<value_node value="wpn_fps_smg_coal"/>
				<value_node value="wpn_fps_smg_uzi"/>
				<value_node value="wpn_fps_smg_shepheard"/>
			</weapons>
		</WeaponMod>
	
		<!-- FMJ pistol/smg -->
		<WeaponMod
			id="wpn_upg_a_pis_fmj"
			name_id="FMJ"
			based_on="wpn_fps_upg_a_slug"
			inherit_weapons="false"
			inherit_adds="false"
			inherit_override="false"
			inherit_parts_override="false"
			inherit_parts_forbids="false"
			type="ammo"
			ver="2"
			>
			<stats
				damage = "0"
				spread = "1"
				total_ammo_mod = "0"
			/>
			<custom_stats
				armor_piercing_add = "0"
				can_shoot_through_shield = "false"
				can_shoot_through_wall = "false"
				can_shoot_through_enemy = "true"
			/>
			<weapons>
				<value_node value="wpn_fps_x_b92fs"/>
				<value_node value="wpn_fps_pis_x_chinchilla"/>
				<value_node value="wpn_fps_pis_x_g17"/>
				<value_node value="wpn_fps_jowi"/>
				<value_node value="wpn_fps_pis_x_g22c"/>
				<value_node value="wpn_fps_smg_x_mp5"/>
				<value_node value="wpn_fps_x_packrat"/>
				<value_node value="wpn_fps_x_1911"/>
				<value_node value="wpn_fps_pis_x_shrew"/>
				<value_node value="wpn_fps_x_deagle"/>
				<value_node value="wpn_fps_smg_x_sr2"/>
				<value_node value="wpn_fps_pis_x_usp"/>
				<value_node value="wpn_fps_smg_x_akmsu"/>
				<value_node value="wpn_fps_pis_x_sparrow"/>
				<value_node value="wpn_fps_pis_x_rage"/>
				<value_node value="wpn_fps_pis_x_c96"/>
				<value_node value="wpn_fps_pis_x_ppk"/>
				<value_node value="wpn_fps_pis_x_2006m"/>
				<value_node value="wpn_fps_pis_x_breech"/>
				<value_node value="wpn_fps_pis_x_p226"/>
				<value_node value="wpn_fps_pis_x_g18c"/>
				<value_node value="wpn_fps_pis_x_pl14"/>
				<value_node value="wpn_fps_pis_x_legacy"/>
				<value_node value="wpn_fps_smg_x_tec9"/>
				<value_node value="wpn_fps_smg_x_m1928"/>
				<value_node value="wpn_fps_smg_x_mp9"/>
				<value_node value="wpn_fps_smg_x_scorpion"/>
				<value_node value="wpn_fps_smg_x_hajk"/>
				<value_node value="wpn_fps_smg_x_schakal"/>
				<value_node value="wpn_fps_smg_x_cobray"/>
				<value_node value="wpn_fps_smg_x_p90"/>
				<value_node value="wpn_fps_smg_x_polymer"/>
				<value_node value="wpn_fps_smg_x_mac10"/>
				<value_node value="wpn_fps_smg_x_baka"/>
				<value_node value="wpn_fps_smg_x_erma"/>
				<value_node value="wpn_fps_smg_x_olympic"/>
				<value_node value="wpn_fps_smg_x_sterling"/>
				<value_node value="wpn_fps_smg_x_shepheard"/>
				<value_node value="wpn_fps_smg_x_mp7"/>
				<value_node value="wpn_fps_smg_x_m45"/>
				<value_node value="wpn_fps_smg_x_coal"/>
				<value_node value="wpn_fps_smg_x_uzi"/>
				<value_node value="wpn_fps_pis_x_beer"/>
				<value_node value="wpn_fps_pis_x_czech"/>
				<value_node value="wpn_fps_pis_x_stech"/>
				<value_node value="wpn_fps_pis_lemming"/>
				<value_node value="wpn_fps_pis_sparrow"/>
				<value_node value="wpn_fps_pis_beretta"/>
				<value_node value="wpn_fps_pis_rage"/>
				<value_node value="wpn_fps_pis_c96"/>
				<value_node value="wpn_fps_pis_chinchilla"/>
				<value_node value="wpn_fps_pis_g17"/>
				<value_node value="wpn_fps_pis_g26"/>
				<value_node value="wpn_fps_pis_g22c"/>
				<value_node value="wpn_fps_pis_packrat"/>
				<value_node value="wpn_fps_pis_1911"/>
				<value_node value="wpn_fps_pis_shrew"/>
				<value_node value="wpn_fps_pis_deagle"/>
				<value_node value="wpn_fps_pis_ppk"/>
				<value_node value="wpn_fps_pis_usp"/>
				<value_node value="wpn_fps_pis_hs2000"/>
				<value_node value="wpn_fps_pis_2006m"/>
				<value_node value="wpn_fps_pis_breech"/>
				<value_node value="wpn_fps_pis_peacemaker"/>
				<value_node value="wpn_fps_pis_p226"/>
				<value_node value="wpn_fps_pis_g18c"/>
				<value_node value="wpn_fps_pis_pl14"/>
				<value_node value="wpn_fps_pis_legacy"/>
				<value_node value="wpn_fps_pis_beer"/>
				<value_node value="wpn_fps_pis_czech"/>
				<value_node value="wpn_fps_pis_stech"/>
				<value_node value="wpn_fps_smg_tec9"/>
				<value_node value="wpn_fps_smg_thompson"/>
				<value_node value="wpn_fps_smg_mp9"/>
				<value_node value="wpn_fps_smg_scorpion"/>
				<value_node value="wpn_fps_smg_mp5"/>
				<value_node value="wpn_fps_smg_hajk"/>
				<value_node value="wpn_fps_smg_sr2"/>
				<value_node value="wpn_fps_smg_schakal"/>
				<value_node value="wpn_fps_smg_cobray"/>
				<value_node value="wpn_fps_smg_p90"/>
				<value_node value="wpn_fps_smg_akmsu"/>
				<value_node value="wpn_fps_smg_polymer"/>
				<value_node value="wpn_fps_smg_mac10"/>
				<value_node value="wpn_fps_smg_baka"/>
				<value_node value="wpn_fps_smg_erma"/>
				<value_node value="wpn_fps_smg_olympic"/>
				<value_node value="wpn_fps_smg_sterling"/>
				<value_node value="wpn_fps_smg_mp7"/>
				<value_node value="wpn_fps_smg_m45"/>
				<value_node value="wpn_fps_smg_coal"/>
				<value_node value="wpn_fps_smg_uzi"/>
				<value_node value="wpn_fps_smg_shepheard"/>
			</weapons>
		</WeaponMod>
		
	<AddFiles directory="assets">
		<texture path="guis/dlcs/mods/textures/pd2/blackmarket/icons/mods/wpn_upg_a_fmj"/>
		<texture path="guis/dlcs/mods/textures/pd2/blackmarket/icons/mods/wpn_upg_a_ballistic_tip_t1"/>
		<texture path="guis/dlcs/mods/textures/pd2/blackmarket/icons/mods/wpn_upg_a_ballistic_tip_t2"/>
		<texture path="guis/dlcs/mods/textures/pd2/blackmarket/icons/mods/wpn_upg_a_ballistic_tip_t3"/>
		<texture path="guis/dlcs/mods/textures/pd2/blackmarket/icons/mods/wpn_upg_a_ballistic_tip_t4"/>
	</AddFiles>
</mod>
